-- MySQL dump 10.13  Distrib 8.0.15, for macos10.14 (x86_64)
--
-- Host: 127.0.0.1    Database: spring_boot_security
-- ------------------------------------------------------
-- Server version	8.1.0

/*!40101 SET @OLD_CHARACTER_SET_CLIENT=@@CHARACTER_SET_CLIENT */;
/*!40101 SET @OLD_CHARACTER_SET_RESULTS=@@CHARACTER_SET_RESULTS */;
/*!40101 SET @OLD_COLLATION_CONNECTION=@@COLLATION_CONNECTION */;
 SET NAMES utf8 ;
/*!40103 SET @OLD_TIME_ZONE=@@TIME_ZONE */;
/*!40103 SET TIME_ZONE='+00:00' */;
/*!40014 SET @OLD_UNIQUE_CHECKS=@@UNIQUE_CHECKS, UNIQUE_CHECKS=0 */;
/*!40014 SET @OLD_FOREIGN_KEY_CHECKS=@@FOREIGN_KEY_CHECKS, FOREIGN_KEY_CHECKS=0 */;
/*!40101 SET @OLD_SQL_MODE=@@SQL_MODE, SQL_MODE='NO_AUTO_VALUE_ON_ZERO' */;
/*!40111 SET @OLD_SQL_NOTES=@@SQL_NOTES, SQL_NOTES=0 */;

--
-- Table structure for table `authorities`
--

DROP TABLE IF EXISTS `authorities`;
/*!40101 SET @saved_cs_client     = @@character_set_client */;
 SET character_set_client = utf8mb4 ;
CREATE TABLE `authorities` (
  `username` varchar(50) NOT NULL,
  `authority` varchar(50) NOT NULL,
  UNIQUE KEY `authorities4_idx_1` (`username`,`authority`),
  CONSTRAINT `authorities4_ibfk_1` FOREIGN KEY (`username`) REFERENCES `users` (`username`)
) ENGINE=InnoDB DEFAULT CHARSET=latin1;
/*!40101 SET character_set_client = @saved_cs_client */;

--
-- Dumping data for table `authorities`
--

LOCK TABLES `authorities` WRITE;
/*!40000 ALTER TABLE `authorities` DISABLE KEYS */;
INSERT INTO `authorities` VALUES ('john','ROLE_EMPLOYEE'),('mary','ROLE_EMPLOYEE'),('mary','ROLE_MANAGER'),('susan','ROLE_ADMIN'),('susan','ROLE_EMPLOYEE'),('susan','ROLE_MANAGER');
/*!40000 ALTER TABLE `authorities` ENABLE KEYS */;
UNLOCK TABLES;

--
-- Table structure for table `course`
--

DROP TABLE IF EXISTS `course`;
/*!40101 SET @saved_cs_client     = @@character_set_client */;
 SET character_set_client = utf8mb4 ;
CREATE TABLE `course` (
  `id` int NOT NULL AUTO_INCREMENT,
  `title` varchar(128) DEFAULT NULL,
  `instructor_id` int DEFAULT NULL,
  PRIMARY KEY (`id`),
  UNIQUE KEY `TITLE_UNIQUE` (`title`),
  KEY `FK_INSTRUCTOR_idx` (`instructor_id`),
  CONSTRAINT `FK_INSTRUCTOR` FOREIGN KEY (`instructor_id`) REFERENCES `instructor` (`id`)
) ENGINE=InnoDB AUTO_INCREMENT=2 DEFAULT CHARSET=latin1;
/*!40101 SET character_set_client = @saved_cs_client */;

--
-- Dumping data for table `course`
--

LOCK TABLES `course` WRITE;
/*!40000 ALTER TABLE `course` DISABLE KEYS */;
INSERT INTO `course` VALUES (1,'test',10);
/*!40000 ALTER TABLE `course` ENABLE KEYS */;
UNLOCK TABLES;

--
-- Table structure for table `course_student`
--

DROP TABLE IF EXISTS `course_student`;
/*!40101 SET @saved_cs_client     = @@character_set_client */;
 SET character_set_client = utf8mb4 ;
CREATE TABLE `course_student` (
  `course_id` int NOT NULL,
  `student_id` int NOT NULL,
  KEY `fk_student_idx` (`student_id`,`course_id`)
) ENGINE=InnoDB DEFAULT CHARSET=utf8mb3 COLLATE=utf8mb3_bin;
/*!40101 SET character_set_client = @saved_cs_client */;

--
-- Dumping data for table `course_student`
--

LOCK TABLES `course_student` WRITE;
/*!40000 ALTER TABLE `course_student` DISABLE KEYS */;
/*!40000 ALTER TABLE `course_student` ENABLE KEYS */;
UNLOCK TABLES;

--
-- Table structure for table `employee`
--

DROP TABLE IF EXISTS `employee`;
/*!40101 SET @saved_cs_client     = @@character_set_client */;
 SET character_set_client = utf8mb4 ;
CREATE TABLE `employee` (
  `id` int NOT NULL AUTO_INCREMENT,
  `first_name` varchar(45) DEFAULT NULL,
  `last_name` varchar(45) DEFAULT NULL,
  `email` varchar(45) DEFAULT NULL,
  PRIMARY KEY (`id`)
) ENGINE=InnoDB AUTO_INCREMENT=6 DEFAULT CHARSET=latin1;
/*!40101 SET character_set_client = @saved_cs_client */;

--
-- Dumping data for table `employee`
--

LOCK TABLES `employee` WRITE;
/*!40000 ALTER TABLE `employee` DISABLE KEYS */;
INSERT INTO `employee` VALUES (1,'Leslie','Andrews','leslie@luv2code.com'),(2,'Emma','Baumgarten','emma@luv2code.com'),(3,'Avani','Gupta','avani@luv2code.com'),(4,'Yuri','Petrov','yuri@luv2code.com'),(5,'Juan','Vega','juan@luv2code.com');
/*!40000 ALTER TABLE `employee` ENABLE KEYS */;
UNLOCK TABLES;

--
-- Table structure for table `instructor`
--

DROP TABLE IF EXISTS `instructor`;
/*!40101 SET @saved_cs_client     = @@character_set_client */;
 SET character_set_client = utf8mb4 ;
CREATE TABLE `instructor` (
  `id` int NOT NULL AUTO_INCREMENT,
  `first_name` varchar(45) DEFAULT NULL,
  `last_name` varchar(45) DEFAULT NULL,
  `email` varchar(45) DEFAULT NULL,
  `instructor_detail_id` int DEFAULT NULL,
  PRIMARY KEY (`id`),
  KEY `FK_DETAIL_idx` (`instructor_detail_id`),
  CONSTRAINT `FK_DETAIL` FOREIGN KEY (`instructor_detail_id`) REFERENCES `instructor_detail` (`id`)
) ENGINE=InnoDB AUTO_INCREMENT=17 DEFAULT CHARSET=latin1;
/*!40101 SET character_set_client = @saved_cs_client */;

--
-- Dumping data for table `instructor`
--

LOCK TABLES `instructor` WRITE;
/*!40000 ALTER TABLE `instructor` DISABLE KEYS */;
INSERT INTO `instructor` VALUES (8,'First Name 8','Last Name 1','tet@test.com.vn',2),(9,'First Name 9','Last Name 1','tet@test.com.vn',3),(10,'First Name 10','Last Name 1','tet@test.com.vn',4),(11,'First Name 11','Last Name 1','tet@test.com.vn',5),(14,'First Name 14','Last Name','tet@test.com',8);
/*!40000 ALTER TABLE `instructor` ENABLE KEYS */;
UNLOCK TABLES;

--
-- Table structure for table `instructor_detail`
--

DROP TABLE IF EXISTS `instructor_detail`;
/*!40101 SET @saved_cs_client     = @@character_set_client */;
 SET character_set_client = utf8mb4 ;
CREATE TABLE `instructor_detail` (
  `id` int NOT NULL AUTO_INCREMENT,
  `youtube_channel` varchar(255) DEFAULT NULL,
  `hobby` varchar(45) DEFAULT NULL,
  PRIMARY KEY (`id`)
) ENGINE=InnoDB AUTO_INCREMENT=13 DEFAULT CHARSET=latin1;
/*!40101 SET character_set_client = @saved_cs_client */;

--
-- Dumping data for table `instructor_detail`
--

LOCK TABLES `instructor_detail` WRITE;
/*!40000 ALTER TABLE `instructor_detail` DISABLE KEYS */;
INSERT INTO `instructor_detail` VALUES (2,'https://www.youtube.com/channel/UCtzE22oB3YUmiExOoDBWqhQ1','read book 1'),(3,'https://www.youtube.com/channel/UCtzE22oB3YUmiExOoDBWqhQ1','read book 156'),(4,'https://www.youtube.com/channel/UCtzE22oB3YUmiExOoDBWqhQ1','read book 1566'),(5,'https://www.youtube.com/channel/UCtzE22oB3YUmiExOoDBWqhQ1','read book 15666'),(8,'https://www.youtube.com/channel/UCtzE22oB3YUmiExOoDBWqhQ','read book99');
/*!40000 ALTER TABLE `instructor_detail` ENABLE KEYS */;
UNLOCK TABLES;

--
-- Table structure for table `members`
--

DROP TABLE IF EXISTS `members`;
/*!40101 SET @saved_cs_client     = @@character_set_client */;
 SET character_set_client = utf8mb4 ;
CREATE TABLE `members` (
  `user_id` varchar(50) NOT NULL,
  `pw` char(68) NOT NULL,
  `active` tinyint NOT NULL,
  PRIMARY KEY (`user_id`)
) ENGINE=InnoDB DEFAULT CHARSET=latin1;
/*!40101 SET character_set_client = @saved_cs_client */;

--
-- Dumping data for table `members`
--

LOCK TABLES `members` WRITE;
/*!40000 ALTER TABLE `members` DISABLE KEYS */;
INSERT INTO `members` VALUES ('john','{bcrypt}$2a$10$qeS0HEh7urweMojsnwNAR.vcXJeXR1UcMRZ2WcGQl9YeuspUdgF.q',1),('mary','{bcrypt}$2a$10$qeS0HEh7urweMojsnwNAR.vcXJeXR1UcMRZ2WcGQl9YeuspUdgF.q',1),('susan','{bcrypt}$2a$10$qeS0HEh7urweMojsnwNAR.vcXJeXR1UcMRZ2WcGQl9YeuspUdgF.q',1);
/*!40000 ALTER TABLE `members` ENABLE KEYS */;
UNLOCK TABLES;

--
-- Table structure for table `review`
--

DROP TABLE IF EXISTS `review`;
/*!40101 SET @saved_cs_client     = @@character_set_client */;
 SET character_set_client = utf8mb4 ;
CREATE TABLE `review` (
  `id` int NOT NULL AUTO_INCREMENT,
  `comment` varchar(256) DEFAULT NULL,
  `course_id` int DEFAULT NULL,
  `is_show` tinyint(1) NOT NULL,
  PRIMARY KEY (`id`),
  KEY `FK_COURSE_ID_idx` (`course_id`),
  CONSTRAINT `FK_COURSE` FOREIGN KEY (`course_id`) REFERENCES `course` (`id`)
) ENGINE=InnoDB DEFAULT CHARSET=latin1;
/*!40101 SET character_set_client = @saved_cs_client */;

--
-- Dumping data for table `review`
--

LOCK TABLES `review` WRITE;
/*!40000 ALTER TABLE `review` DISABLE KEYS */;
/*!40000 ALTER TABLE `review` ENABLE KEYS */;
UNLOCK TABLES;

--
-- Table structure for table `roles`
--

DROP TABLE IF EXISTS `roles`;
/*!40101 SET @saved_cs_client     = @@character_set_client */;
 SET character_set_client = utf8mb4 ;
CREATE TABLE `roles` (
  `user_id` varchar(50) NOT NULL,
  `role` varchar(50) NOT NULL,
  UNIQUE KEY `authorities5_idx_1` (`user_id`,`role`),
  CONSTRAINT `authorities5_ibfk_1` FOREIGN KEY (`user_id`) REFERENCES `members` (`user_id`)
) ENGINE=InnoDB DEFAULT CHARSET=latin1;
/*!40101 SET character_set_client = @saved_cs_client */;

--
-- Dumping data for table `roles`
--

LOCK TABLES `roles` WRITE;
/*!40000 ALTER TABLE `roles` DISABLE KEYS */;
INSERT INTO `roles` VALUES ('john','ROLE_EMPLOYEE'),('mary','ROLE_EMPLOYEE'),('mary','ROLE_MANAGER'),('susan','ROLE_ADMIN'),('susan','ROLE_EMPLOYEE'),('susan','ROLE_MANAGER');
/*!40000 ALTER TABLE `roles` ENABLE KEYS */;
UNLOCK TABLES;

--
-- Table structure for table `student`
--

DROP TABLE IF EXISTS `student`;
/*!40101 SET @saved_cs_client     = @@character_set_client */;
 SET character_set_client = utf8mb4 ;
CREATE TABLE `student` (
  `id` int NOT NULL AUTO_INCREMENT,
  `first_name` varchar(45) COLLATE utf8mb3_bin DEFAULT NULL,
  `last_name` varchar(45) COLLATE utf8mb3_bin DEFAULT NULL,
  `mobile` varchar(12) COLLATE utf8mb3_bin DEFAULT NULL,
  `email` varchar(45) COLLATE utf8mb3_bin DEFAULT NULL,
  PRIMARY KEY (`id`),
  UNIQUE KEY `email_UNIQUE` (`email`)
) ENGINE=InnoDB DEFAULT CHARSET=utf8mb3 COLLATE=utf8mb3_bin;
/*!40101 SET character_set_client = @saved_cs_client */;

--
-- Dumping data for table `student`
--

LOCK TABLES `student` WRITE;
/*!40000 ALTER TABLE `student` DISABLE KEYS */;
/*!40000 ALTER TABLE `student` ENABLE KEYS */;
UNLOCK TABLES;

--
-- Table structure for table `users`
--

DROP TABLE IF EXISTS `users`;
/*!40101 SET @saved_cs_client     = @@character_set_client */;
 SET character_set_client = utf8mb4 ;
CREATE TABLE `users` (
  `username` varchar(50) NOT NULL,
  `password` char(68) NOT NULL,
  `enabled` tinyint NOT NULL,
  PRIMARY KEY (`username`)
) ENGINE=InnoDB DEFAULT CHARSET=latin1;
/*!40101 SET character_set_client = @saved_cs_client */;

--
-- Dumping data for table `users`
--

LOCK TABLES `users` WRITE;
/*!40000 ALTER TABLE `users` DISABLE KEYS */;
INSERT INTO `users` VALUES ('john','{bcrypt}$2a$10$qeS0HEh7urweMojsnwNAR.vcXJeXR1UcMRZ2WcGQl9YeuspUdgF.q',1),('mary','{bcrypt}$2a$10$qeS0HEh7urweMojsnwNAR.vcXJeXR1UcMRZ2WcGQl9YeuspUdgF.q',1),('susan','{bcrypt}$2a$10$qeS0HEh7urweMojsnwNAR.vcXJeXR1UcMRZ2WcGQl9YeuspUdgF.q',1);
/*!40000 ALTER TABLE `users` ENABLE KEYS */;
UNLOCK TABLES;

--
-- Dumping events for database 'spring_boot_security'
--

--
-- Dumping routines for database 'spring_boot_security'
--
/*!40103 SET TIME_ZONE=@OLD_TIME_ZONE */;

/*!40101 SET SQL_MODE=@OLD_SQL_MODE */;
/*!40014 SET FOREIGN_KEY_CHECKS=@OLD_FOREIGN_KEY_CHECKS */;
/*!40014 SET UNIQUE_CHECKS=@OLD_UNIQUE_CHECKS */;
/*!40101 SET CHARACTER_SET_CLIENT=@OLD_CHARACTER_SET_CLIENT */;
/*!40101 SET CHARACTER_SET_RESULTS=@OLD_CHARACTER_SET_RESULTS */;
/*!40101 SET COLLATION_CONNECTION=@OLD_COLLATION_CONNECTION */;
/*!40111 SET SQL_NOTES=@OLD_SQL_NOTES */;

-- Dump completed on 2023-10-14 22:29:59
